Circuit,Compound,IsReference,NLaps,RawOffsetSec,OffsetCILow,OffsetCIHigh,JointDegSecPerLap,JointDegCILow,JointDegCIHigh,FuelOverlap,OffsetIdentified,OffsetSec
Synthetic Bay,SOFT,False,244,-0.9290472507821933,-1.0530990440350911,-0.8086166464647033,0.08297966011101277,0.07820766815502365,0.08802649818608844,0.8205128205128205,True,0.0
Synthetic Bay,MEDIUM,False,272,-0.5414819480969434,-0.6367103453892877,-0.4422069536365996,0.04696449871473325,0.04353354096478305,0.051942135673202085,0.6875,True,0.3875653026852499
Synthetic Bay,HARD,True,292,0.0,0.0,0.0,0.021901390380627613,0.01843708004813034,0.025903292002614837,1.0,True,0.9290472507821933
Synthetic Park,SOFT,False,219,-0.8898931002937791,-1.0527061600062735,-0.7493618160432943,0.08407217293055043,0.07820448609853553,0.09038463778876275,0.9208633093525179,True,0.0
Synthetic Park,MEDIUM,False,236,-0.44411036649958757,-0.5917022637925266,-0.31779763651602344,0.04709425391009271,0.043488131123300924,0.05043148713972166,0.6000000000000001,True,0.44578273379419153
Synthetic Park,HARD,True,242,0.0,0.0,0.0,0.02648324625667241,0.020780494705758035,0.034063928727612984,1.0,True,0.8898931002937791
Synthetic Ring,SOFT,False,158,-0.9689584137969873,-1.1242559628714373,-0.7692219631376302,0.09116578410737357,0.07967227862930676,0.09966695913703477,0.8809523809523808,True,0.0
Synthetic Ring,MEDIUM,False,164,-0.46660801255222406,-0.6212008757305442,-0.30249456070825004,0.05112288356835968,0.040797614346121454,0.05873405932685018,0.8783783783783786,True,0.5023504012447633
Synthetic Ring,HARD,True,191,0.0,0.0,0.0,0.03120704964181531,0.024058139488184995,0.03633252606197206,1.0,True,0.9689584137969873
