Circuit,Compound,NStints,CentredPace,OffsetSec
Synthetic Bay,SOFT,12,-0.37691817210409084,0.0
Synthetic Bay,MEDIUM,12,-0.07760247091096535,0.2993157011931255
Synthetic Bay,HARD,13,0.41955751662928703,0.7964756887333779
Synthetic Park,SOFT,12,-0.371118243938587,0.0
Synthetic Park,MEDIUM,11,0.0001840511832708361,0.37130229512185786
Synthetic Park,HARD,13,0.3424149510959259,0.713533195034513
Synthetic Ring,SOFT,11,-0.3386896669595387,0.0
Synthetic Ring,MEDIUM,11,-0.021224237195396387,0.3174654297641423
Synthetic Ring,HARD,13,0.304542534284944,0.6432322012444827
