Circuit,Compound,NStints,NLaps,DegSecPerLap,DegCILow,DegCIHigh,StintSpread,Usable,ExcludedReason
Synthetic Bay,HARD,13,292,0.020777267763085885,0.01194071360970202,0.029613761467226465,0.009863130510844142,True,
Synthetic Bay,MEDIUM,12,272,0.04579286021753029,0.03658192726707383,0.05357368149079411,0.011680895725243662,True,
Synthetic Bay,SOFT,12,244,0.08224695836614113,0.0722419821842252,0.09213173042332347,0.017829220368245666,True,
Synthetic Park,HARD,13,242,0.027140553158776608,0.01731842022500137,0.03767320691496731,0.019632821754248804,True,
Synthetic Park,MEDIUM,11,236,0.04546057908685249,0.039489459212507606,0.05175024059589653,0.004736003708491722,True,
Synthetic Park,SOFT,12,219,0.08263881541110499,0.068658884877109,0.09734637246807366,0.03921629578772255,True,
Synthetic Ring,HARD,13,191,0.03244635563267466,0.016943528527815905,0.04943497216142691,0.01990734277108825,True,
Synthetic Ring,MEDIUM,11,164,0.04702718953351168,0.028351347014714402,0.06489238857854988,0.027049727415242933,True,
Synthetic Ring,SOFT,11,158,0.08284735141906248,0.0489792449790367,0.11212503153596357,0.04057980550807944,True,
