Season,Circuit,Driver,Stint,Team,Compound,NLaps,TyreLifeStart,TyreLifeEnd,SlopeSecPerLap,SlopeCILow,SlopeCIHigh,InterceptSec,ResidualStd
2024,Bahrain,ALB,1.0,Williams,SOFT,11,3.0,14.0,0.10873684210526353,0.08707017543859763,0.12211779448621687,94.77333333333333,0.11835270007972791
2024,Bahrain,ALB,2.0,Williams,HARD,18,3.0,20.0,0.08118128654970905,0.053528508771929495,0.10376065162907265,95.23380116959063,0.20992350510517652
2024,Bahrain,ALB,3.0,Williams,HARD,16,3.0,20.0,0.11243922305764428,0.09594197031039077,0.13503987240829282,94.13024780701753,0.273524013320758
2024,Bahrain,ALO,1.0,Aston Martin,SOFT,12,5.0,17.0,0.10807017543859546,0.005514619883041089,0.15727850877193106,94.53368421052633,0.4739545610350533
2024,Bahrain,ALO,2.0,Aston Martin,HARD,22,3.0,25.0,0.06440350877192813,0.0455285087719286,0.09240350877192925,94.44175438596493,0.3072925619254733
2024,Bahrain,ALO,3.0,Aston Martin,HARD,14,3.0,16.0,0.09890350877192944,0.05020350877192925,0.15840350877192894,93.55029385964912,0.3392629717652505
2024,Bahrain,BOT,1.0,Kick Sauber,SOFT,8,3.0,11.0,0.11977850877192935,-0.10409649122806997,0.34290350877192566,95.17686074561404,0.4791873302674414
2024,Bahrain,BOT,2.0,Kick Sauber,HARD,15,3.0,17.0,0.1434035087719323,0.12040350877193048,0.16201889338731454,94.51763157894734,0.16249547979061085
2024,Bahrain,BOT,3.0,Kick Sauber,HARD,23,3.0,26.0,0.0851177944862148,0.036039872408294246,0.10922169059011046,94.95931578947369,0.5659547230726156
2024,Bahrain,GAS,1.0,Alpine,SOFT,8,3.0,11.0,0.17923684210526264,0.021403508771925317,0.25840350877193075,94.67298684210527,0.3519278643787471
2024,Bahrain,GAS,2.0,Alpine,HARD,16,3.0,18.0,0.13854239766081783,0.11923684210526157,0.1588320802005033,94.43377850877194,0.1214185511263146
2024,Bahrain,GAS,3.0,Alpine,HARD,9,3.0,11.0,0.08800350877192784,0.03140350877193043,0.13440350877192841,94.75430877192984,0.13460192338067647
2024,Bahrain,GAS,4.0,Alpine,SOFT,9,3.0,11.0,0.10357017543859115,0.05700350877193046,0.14640350877193242,94.17918421052636,0.1476881098050095
2024,Bahrain,HAM,1.0,Mercedes,SOFT,7,5.0,14.0,0.05302850877193066,0.021403508771930053,0.08490350877193009,94.5657894736842,0.04872061079940145
2024,Bahrain,HAM,2.0,Mercedes,HARD,18,3.0,20.0,0.07163427800269827,0.04107017543859115,0.10790350877192764,93.78475843454791,0.2876204281909828
2024,Bahrain,HAM,3.0,Mercedes,HARD,22,3.0,24.0,0.1104035087719304,0.09373684210526534,0.12407017543859904,93.05891228070175,0.29134364054002954
2024,Bahrain,HUL,2.0,Haas F1 Team,HARD,13,4.0,18.0,0.08285350877192907,0.06094896331738524,0.10610350877193042,94.04360000000001,0.14008919125474686
2024,Bahrain,HUL,3.0,Haas F1 Team,HARD,16,3.0,20.0,0.0766913875598067,0.058403508771930165,0.09240350877193275,94.3320474481659,0.17648787493546236
2024,Bahrain,HUL,4.0,Haas F1 Team,SOFT,14,3.0,16.0,0.10531259968102026,0.04924966261808313,0.15515350877192802,93.88968819776716,0.30313457440966357
2024,Bahrain,LEC,1.0,Ferrari,SOFT,6,6.0,12.0,0.07620350877192834,-0.2485964912280707,0.23840350877193117,94.11228771929825,0.18241878923692853
2024,Bahrain,LEC,2.0,Ferrari,HARD,19,3.0,22.0,0.06893292053663579,0.05740350877192984,0.08200350877193045,93.94015273477812,0.15269277146663995
2024,Bahrain,LEC,3.0,Ferrari,HARD,20,3.0,22.0,0.10219100877192985,0.09111779448621503,0.11545614035087674,93.12427028508772,0.13581104160333082
2024,Bahrain,MAG,1.0,Haas F1 Team,SOFT,6,3.0,9.0,0.1404035087719251,0.014403508771920315,0.26007017543859473,94.55659649122809,0.16762905476080517
2024,Bahrain,MAG,2.0,Haas F1 Team,HARD,18,3.0,20.0,0.07573684210526703,0.04278812415654552,0.09948684210526319,95.1314035087719,0.22318353917093106
2024,Bahrain,MAG,3.0,Haas F1 Team,HARD,22,3.0,24.0,0.14433684210526299,0.1294035087719294,0.15807017543859558,93.68140877192984,0.22460823380205652
2024,Bahrain,NOR,1.0,McLaren,SOFT,10,5.0,15.0,0.10254636591478825,0.0674035087719318,0.14040350877192864,93.74152882205512,0.16820293393436264
2024,Bahrain,NOR,2.0,McLaren,HARD,17,3.0,19.0,0.10173684210526288,0.08340350877193069,0.11431259968101931,93.48198245614036,0.12988991379580414
2024,Bahrain,NOR,3.0,McLaren,HARD,22,3.0,24.0,0.1218701754385961,0.10913078149920352,0.13490350877192725,93.07661228070174,0.22428610552871361
2024,Bahrain,OCO,1.0,Alpine,SOFT,7,3.0,9.0,0.19880350877192826,0.07640350877191793,0.32207017543859706,94.48819649122807,0.15000274283206985
2024,Bahrain,OCO,2.0,Alpine,HARD,17,3.0,19.0,0.12072493734335815,0.08660350877192968,0.15373684210526525,95.00430639097745,0.3941557941074977
2024,Bahrain,OCO,3.0,Alpine,HARD,22,3.0,26.0,0.10590350877192851,0.0834701754385975,0.12090350877192908,94.40403947368424,0.37222178953691354
2024,Bahrain,PER,1.0,Red Bull Racing,SOFT,7,7.0,14.0,0.060736842105266454,-0.05059649122806675,0.09440350877192809,94.0820526315789,0.13500697610821294
2024,Bahrain,PER,2.0,Red Bull Racing,HARD,18,5.0,22.0,0.07273684210526217,0.059803508771929616,0.0864868421052627,93.34164035087721,0.11991903586752968
2024,Bahrain,PER,3.0,Red Bull Racing,SOFT,19,3.0,21.0,0.13590350877192897,0.11793292053663569,0.1545146198830404,92.64012280701756,0.1754302688813044
2024,Bahrain,PIA,1.0,McLaren,SOFT,9,5.0,14.0,0.07746600877192922,-0.009596491228071121,0.12390350877193157,94.1836129385965,0.21196172583862247
2024,Bahrain,PIA,2.0,McLaren,HARD,19,3.0,21.0,0.09800350877192728,0.07612573099415225,0.1159489633173843,93.62023859649126,0.19882660464195517
2024,Bahrain,PIA,3.0,McLaren,HARD,21,3.0,23.0,0.12384100877192816,0.11196600877192964,0.13590350877193202,93.0906282894737,0.14978986601921004
2024,Bahrain,RIC,1.0,RB,SOFT,10,5.0,15.0,0.08840350877193259,-0.0017964912280717727,0.1696535087719262,95.22509649122804,0.34792510369011653
2024,Bahrain,RIC,2.0,RB,HARD,19,3.0,21.0,0.09920350877193015,0.08457017543859517,0.12084795321637405,94.76482105263158,0.23001129898511077
2024,Bahrain,RIC,3.0,RB,SOFT,18,3.0,20.0,0.17405056759545967,0.13876065162907228,0.21690350877193035,92.96207636738906,0.346382932196479
2024,Bahrain,RUS,1.0,Mercedes,SOFT,6,7.0,12.0,0.04440350877192856,-0.1585964912280673,0.3594035087719192,94.33469298245615,0.17030727132646128
2024,Bahrain,RUS,2.0,Mercedes,HARD,15,3.0,19.0,0.06907017543859457,0.02773684210526426,0.09390350877193043,94.00724561403511,0.24497022818785325
2024,Bahrain,RUS,3.0,Mercedes,HARD,24,3.0,26.0,0.10933088972431051,0.09269762641898852,0.1359489633173842,93.21835999373434,0.33335630114139364
2024,Bahrain,SAI,1.0,Ferrari,SOFT,11,5.0,16.0,0.0777035087719284,-0.05359649122807042,0.21923684210526298,93.99300000000002,0.4104069357468156
2024,Bahrain,SAI,2.0,Ferrari,HARD,18,3.0,20.0,0.10252850877193076,0.0903410087719303,0.12281527347781207,93.04580811403508,0.15284319590587497
2024,Bahrain,SAI,3.0,Ferrari,HARD,20,3.0,22.0,0.09701958020050151,0.08201889338731405,0.10940350877193339,93.08351840538846,0.1802175729718021
2024,Bahrain,SAR,1.0,Williams,SOFT,7,3.0,9.0,0.23600350877192966,0.012403508771932081,0.41940350877192617,94.08659298245615,0.2766531161340254
2024,Bahrain,SAR,2.0,Williams,HARD,12,5.0,17.0,0.08269715956558049,-0.029796491228071886,0.20654636591478745,94.72794757727652,0.7451518526048957
2024,Bahrain,SAR,3.0,Williams,HARD,9,3.0,11.0,0.08148684210526369,-0.008096491228071065,0.16960350877193092,94.87631140350877,0.30497911472208655
2024,Bahrain,SAR,4.0,Williams,SOFT,12,3.0,15.0,0.15592434210526235,0.12065350877193026,0.18277850877192847,93.86010800438596,0.38941277131056995
2024,Bahrain,STR,1.0,Aston Martin,SOFT,6,3.0,8.0,0.1839035087719303,0.02740350877193265,0.3419035087719209,94.54254824561404,0.13629652110991208
2024,Bahrain,STR,2.0,Aston Martin,HARD,15,3.0,17.0,0.12440350877192959,0.08384795321637423,0.15311779448621468,94.28163157894737,0.3530447563694987
2024,Bahrain,STR,3.0,Aston Martin,HARD,26,3.0,29.0,0.08915350877192552,0.07797493734335874,0.09990350877192987,93.99946271929831,0.18178788384141278
2024,Bahrain,TSU,1.0,RB,SOFT,10,3.0,13.0,0.12251461988304078,0.08690350877192543,0.13740350877193208,94.41876315789473,0.08541227058847271
2024,Bahrain,TSU,2.0,RB,HARD,17,3.0,19.0,0.07740350877192981,0.04078812415654472,0.11115350877192931,94.90626315789473,0.24030112848869872
2024,Bahrain,TSU,3.0,RB,HARD,19,3.0,22.0,0.13449441786283825,0.09932658569500592,0.16367623604465625,94.10662838915471,0.3496992037885492
2024,Bahrain,VER,1.0,Red Bull Racing,SOFT,10,8.0,19.0,0.053403508771930674,0.04440350877192145,0.06665350877193177,93.49938596491228,0.07659097713032414
2024,Bahrain,VER,2.0,Red Bull Racing,HARD,17,3.0,19.0,0.1263160087719303,0.11322169059011018,0.1391177944862148,92.28801513157894,0.10868604193877225
2024,Bahrain,VER,3.0,Red Bull Racing,SOFT,17,4.0,20.0,0.10246600877192988,0.05807017543860127,0.14622169059011145,92.68058333333335,0.4073160750515556
2024,Bahrain,ZHO,1.0,Kick Sauber,SOFT,6,3.0,8.0,0.2951535087719286,-0.09259649122806479,0.6404035087719322,93.79597149122807,0.30401173565615175
2024,Bahrain,ZHO,2.0,Kick Sauber,HARD,16,3.0,18.0,0.10601065162907325,0.0954035087719319,0.12527850877193103,94.4141600877193,0.2525989164367736
2024,Bahrain,ZHO,3.0,Kick Sauber,HARD,24,3.0,28.0,0.09295906432748459,0.07549441786283947,0.10807017543859558,94.424985380117,0.23829240045780453
2024,Great Britain,ALB,1.0,Williams,MEDIUM,18,3.0,24.0,0.06430769230769329,0.02630769230769303,0.10183710407239781,89.25,0.39767297383358124
2024,Great Britain,ALB,3.0,Williams,MEDIUM,12,3.0,14.0,-0.018692307692313413,-0.04419230769231319,0.007085470085469423,89.89669230769235,0.16139643926078923
2024,Great Britain,ALO,1.0,Aston Martin,MEDIUM,17,3.0,23.0,0.05093269230769337,0.020307692307690268,0.07150769230769356,89.1608173076923,0.22775785120773118
2024,Great Britain,ALO,3.0,Aston Martin,MEDIUM,12,3.0,14.0,0.13318269230769175,-0.006025641025649027,0.2385076923076923,88.46998557692308,0.42912039008372166
2024,Great Britain,BOT,1.0,Kick Sauber,MEDIUM,19,3.0,23.0,0.0875576923076918,0.019736263736263027,0.1423791208791211,89.84207692307693,0.7593686086776507
2024,Great Britain,BOT,3.0,Kick Sauber,SOFT,12,3.0,14.0,0.0002940559440553804,-0.15297802197802315,0.1513076923076905,91.63603898601399,0.6474976385663773
2024,Great Britain,HAM,1.0,Mercedes,MEDIUM,18,3.0,24.0,0.05330769230769228,0.03230769230769207,0.07690769230769376,88.15423076923076,0.2507140391198028
2024,Great Britain,HAM,3.0,Mercedes,SOFT,11,4.0,14.0,0.06130769230769033,0.014307692307686656,0.10830769230769022,88.61807692307696,0.1678618479583703
2024,Great Britain,HUL,1.0,Haas F1 Team,MEDIUM,18,3.0,24.0,0.0697521367521361,0.05014102564102648,0.10168269230769234,88.90511965811966,0.2709876941636357
2024,Great Britain,HUL,3.0,Haas F1 Team,SOFT,12,5.0,16.0,0.1219951923076934,-0.002358974358974327,0.1753076923076904,88.71358894230767,0.4215841164684963
2024,Great Britain,LEC,1.0,Ferrari,MEDIUM,14,3.0,16.0,0.059307692307697835,0.0018076923076897344,0.09947435897435852,88.98003846153841,0.26659443618836803
2024,Great Britain,LEC,4.0,Ferrari,SOFT,11,3.0,13.0,0.1336410256410261,0.03330769230769685,0.18270769230769018,88.51071794871795,0.39826337156624403
2024,Great Britain,MAG,1.0,Haas F1 Team,MEDIUM,22,3.0,25.0,0.09980769230769226,0.05303496503496516,0.16230769230769226,89.04051923076923,0.750999824548491
2024,Great Britain,MAG,3.0,Haas F1 Team,SOFT,13,3.0,15.0,0.13071880341880177,-0.025492307692307748,0.22019658119657967,89.48337692307695,0.5661053500387646
2024,Great Britain,NOR,1.0,McLaren,MEDIUM,18,3.0,24.0,0.027450549450549033,0.005307692307691841,0.04397435897435997,88.61274175824177,0.24691521172671116
2024,Great Britain,NOR,3.0,McLaren,SOFT,12,4.0,15.0,0.2056410256410217,0.14002197802197713,0.25380769230769573,87.5079102564103,0.27085282913512954
2024,Great Britain,OCO,1.0,Alpine,SOFT,14,3.0,16.0,0.2081965811965808,0.14302197802197725,0.2987521367521377,89.00605555555556,0.6203250954023197
2024,Great Britain,OCO,5.0,Alpine,MEDIUM,8,3.0,12.0,0.0564326923076921,-0.00969230769230478,0.1403076923076867,90.04541826923078,0.24574046268370145
2024,Great Britain,PER,1.0,Red Bull Racing,HARD,13,3.0,15.0,0.0861340811965802,-0.009067307692308901,0.13064102564102362,89.0395625,0.3694746464683166
2024,Great Britain,PER,4.0,Red Bull Racing,MEDIUM,6,4.0,9.0,0.010307692307695978,-0.245692307692309,0.23530769230769266,89.77446153846152,0.1734681526966841
2024,Great Britain,PIA,1.0,McLaren,MEDIUM,18,3.0,24.0,0.0368076923076913,0.017676113360323598,0.059307692307683624,88.53767307692308,0.21378570488781096
2024,Great Britain,PIA,3.0,McLaren,MEDIUM,12,3.0,14.0,0.03918269230768878,-0.008858974358976942,0.11443269230769104,88.43102403846157,0.3700143456729614
2024,Great Britain,RIC,1.0,RB,MEDIUM,17,3.0,23.0,0.08439860139860128,0.02662019230769186,0.14440769230769207,89.13776923076922,0.57563553382766
2024,Great Britain,RIC,3.0,RB,SOFT,9,3.0,11.0,-0.04069230769230714,-0.0975673076923087,0.07455769230768894,90.75907692307692,0.4023717532056318
2024,Great Britain,RUS,1.0,Mercedes,MEDIUM,17,3.0,24.0,0.06092991452991438,0.05055769230769158,0.08030769230769051,88.08884786324786,0.16362205104519315
2024,Great Britain,SAI,1.0,Ferrari,MEDIUM,18,3.0,24.0,0.08220769230769207,0.05686324786324645,0.11121678321678209,88.5563423076923,0.3507016500573394
2024,Great Britain,SAI,3.0,Ferrari,HARD,8,3.0,10.0,-0.001442307692306244,-0.02702564102564035,0.029807692307688427,89.14179807692308,0.04721871602296023
2024,Great Britain,SAR,1.0,Williams,MEDIUM,19,3.0,24.0,0.08030769230769153,0.03130769230769204,0.1401497975708498,89.09376923076924,0.5981568277995988
2024,Great Britain,SAR,3.0,Williams,SOFT,12,3.0,14.0,0.25480769230768896,0.17030769230769494,0.2886410256410225,88.43463461538464,0.36093851780651054
2024,Great Britain,STR,1.0,Aston Martin,MEDIUM,17,3.0,23.0,0.07908269230769219,0.05257435897435888,0.11408547008546874,88.80001346153847,0.2905684770461883
2024,Great Britain,STR,3.0,Aston Martin,MEDIUM,11,3.0,13.0,0.06330769230768851,0.021974358974361508,0.09290769230769343,89.01646153846157,0.10489752575294647
2024,Great Britain,TSU,1.0,RB,MEDIUM,19,3.0,24.0,0.09530769230768972,0.060307692307691244,0.14055769230769322,88.88761538461542,0.5226229002889525
2024,Great Britain,TSU,3.0,RB,SOFT,12,3.0,14.0,0.1946076923076916,0.10080769230769171,0.2555576923076899,89.20098846153847,0.3507704360231622
2024,Great Britain,VER,1.0,Red Bull Racing,MEDIUM,17,3.0,24.0,0.07983894230769151,0.05405769230769231,0.1165299145299138,88.13092548076924,0.3105106457316837
2024,Great Britain,VER,3.0,Red Bull Racing,HARD,12,3.0,14.0,0.0520910256410249,0.002907692307692855,0.09316483516483386,88.45895705128206,0.20701959643492895
2024,Great Britain,ZHO,1.0,Kick Sauber,SOFT,9,3.0,11.0,0.43752197802197457,0.16764102564102737,0.5800576923076903,88.35119230769234,0.6799260399371163
2024,Great Britain,ZHO,5.0,Kick Sauber,SOFT,10,5.0,14.0,0.14297435897436137,0.11180769230768917,0.22264102564102473,89.49208974358972,0.2952298978636692
2024,Hungary,ALB,2.0,Williams,HARD,19,3.0,22.0,0.09999999999999905,0.08099999999999834,0.1303124999999996,81.45100000000002,0.26393711593785246
2024,Hungary,ALB,3.0,Williams,HARD,35,3.0,40.0,0.06687999999999988,0.05259999999999991,0.07761764705882382,81.8554,0.4024112142948478
2024,Hungary,ALO,2.0,Aston Martin,MEDIUM,28,3.0,30.0,0.03171153846153821,0.004894736842105449,0.07533333333333303,81.98225961538462,0.5608923394239058
2024,Hungary,ALO,3.0,Aston Martin,HARD,29,3.0,33.0,0.06107954545454521,0.036111111111110636,0.08074999999999832,81.53864772727273,0.3972146045081638
2024,Hungary,BOT,1.0,Kick Sauber,MEDIUM,14,3.0,16.0,-0.06749999999999545,-0.12966666666666685,0.046142857142858214,83.01024999999996,0.430316100591844
2024,Hungary,BOT,2.0,Kick Sauber,HARD,24,3.0,27.0,0.04632386363636423,0.019666666666665833,0.07216666666666545,82.73430397727273,0.42169497126177224
2024,Hungary,BOT,3.0,Kick Sauber,HARD,20,3.0,24.0,0.08968571428571427,-0.06956249999999997,0.2166666666666662,82.88192857142857,1.4051341330669374
2024,Hungary,GAS,1.0,Alpine,HARD,25,3.0,27.0,0.05033333333333287,0.02476923076923098,0.07600000000000193,82.248,0.35947398401718206
2024,Hungary,HAM,1.0,Mercedes,MEDIUM,13,3.0,15.0,0.09516666666666775,0.05733333333333235,0.12799999999999537,80.42249999999999,0.20620384055686033
2024,Hungary,HAM,2.0,Mercedes,HARD,17,3.0,20.0,0.1046011904761901,0.06666666666666643,0.14150000000000063,80.09138690476192,0.27748967481643116
2024,Hungary,HAM,3.0,Mercedes,HARD,25,3.0,30.0,0.04696022727272671,0.03710000000000022,0.05939999999999941,81.31963636363638,0.25218514585626733
2024,Hungary,HUL,2.0,Haas F1 Team,HARD,22,3.0,24.0,0.10772727272727164,0.08925000000000338,0.12999999999999545,81.10268181818182,0.31974067211194207
2024,Hungary,HUL,3.0,Haas F1 Team,HARD,33,3.0,40.0,0.07731428571428578,0.04747619047619047,0.0983333333333339,81.41971428571428,0.655607436581801
2024,Hungary,LEC,1.0,Ferrari,MEDIUM,20,3.0,22.0,0.06683712121212146,0.04812500000000064,0.09433333333333059,80.85153598484848,0.2219132761619937
2024,Hungary,LEC,2.0,Ferrari,HARD,14,3.0,16.0,0.24027272727272864,0.16599999999999682,0.29900000000000093,78.82340909090907,0.4785364477474254
2024,Hungary,LEC,3.0,Ferrari,MEDIUM,25,3.0,30.0,0.05445959595959622,0.04099999999999682,0.067615384615385,81.29264646464647,0.24910737433702485
2024,Hungary,MAG,2.0,Haas F1 Team,HARD,25,3.0,27.0,0.08194166666666583,0.05975000000000108,0.10050000000000026,81.88387500000002,0.3277992767608071
2024,Hungary,MAG,3.0,Haas F1 Team,HARD,28,3.0,34.0,0.08137000000000257,0.04800000000000182,0.11020833333333317,81.55389499999995,0.5173981648446895
2024,Hungary,NOR,1.0,McLaren,MEDIUM,14,3.0,16.0,0.0899999999999892,0.04763636363636501,0.11350000000000193,80.25350000000009,0.20771140429096233
2024,Hungary,NOR,2.0,McLaren,HARD,26,3.0,28.0,0.08883333333333275,0.06863636363636322,0.11199999999999477,80.01258333333334,0.3709868176177631
2024,Hungary,NOR,3.0,McLaren,MEDIUM,20,3.0,25.0,0.07404545454545508,0.04099999999999966,0.09422222222222369,80.47793181818182,0.3989201144599638
2024,Hungary,OCO,2.0,Alpine,HARD,20,3.0,23.0,0.0926250000000003,0.06922222222222116,0.11294444444444451,81.823375,0.27551982746972536
2024,Hungary,OCO,3.0,Alpine,HARD,24,4.0,30.0,0.056458333333331126,0.0391250000000003,0.07700000000000103,82.15939583333338,0.34275989597402107
2024,Hungary,PER,1.0,Red Bull Racing,HARD,25,3.0,27.0,0.0473437500000002,0.008772727272727175,0.07853333333333315,81.83184375,0.5675016020822216
2024,Hungary,PER,2.0,Red Bull Racing,MEDIUM,14,3.0,18.0,0.07242857142857215,0.0452857142857133,0.12650000000000006,80.28757142857141,0.2865979273204595
2024,Hungary,PER,3.0,Red Bull Racing,MEDIUM,20,3.0,23.0,0.16569658119658165,0.14781818181818096,0.1842857142857152,79.81829273504273,0.31839039116946727
2024,Hungary,PIA,1.0,McLaren,MEDIUM,15,3.0,17.0,0.06385714285714121,0.038000000000000256,0.09800000000000608,80.36242857142858,0.23107492379781253
2024,Hungary,PIA,2.0,McLaren,HARD,27,3.0,29.0,0.10099999999999984,0.06505263157894758,0.12729411764705892,80.59400000000001,0.6187452310674083
2024,Hungary,PIA,3.0,McLaren,MEDIUM,21,3.0,24.0,0.09391176470588229,0.07138461538461517,0.11444444444444457,80.48614705882352,0.26220112223520425
2024,Hungary,RIC,2.0,RB,HARD,17,3.0,20.0,0.07764285714285636,0.04262500000000102,0.10150000000000148,82.01828571428572,0.28629063323949594
2024,Hungary,RIC,3.0,RB,HARD,33,3.0,39.0,0.054503105590062675,0.03847826086956544,0.08038888888888904,81.57593788819874,0.6365425014137894
2024,Hungary,RUS,1.0,Mercedes,HARD,30,3.0,32.0,0.046476190476190435,0.021250000000000213,0.07514285714285762,81.76716666666667,0.53612182321589
2024,Hungary,RUS,2.0,Mercedes,MEDIUM,16,3.0,19.0,0.057741071428571926,0.0309999999999917,0.08633333333333226,80.86997767857143,0.2383063504427649
2024,Hungary,RUS,3.0,Mercedes,HARD,14,3.0,17.0,0.23916666666666705,0.17166666666666686,0.277500000000001,79.96775,0.39246385106083426
2024,Hungary,SAI,1.0,Ferrari,MEDIUM,18,3.0,20.0,0.06900000000000042,0.03849999999999909,0.09550000000000125,80.88449999999999,0.24904246035329697
2024,Hungary,SAI,2.0,Ferrari,HARD,23,3.0,25.0,0.09642857142857204,0.06005263157894765,0.12220000000000084,80.619,0.44268278684641194
2024,Hungary,SAI,3.0,Ferrari,MEDIUM,20,3.0,23.0,0.14284615384615387,0.11525000000000318,0.17433333333333442,80.29892307692309,0.4124192141007136
2024,Hungary,SAR,2.0,Williams,HARD,19,5.0,24.0,0.05474999999999852,0.03439999999999941,0.08230769230769178,82.34775000000003,0.2532356856764111
2024,Hungary,SAR,3.0,Williams,HARD,20,3.0,27.0,0.05494444444444405,0.04270000000000067,0.07553846153846148,82.39719444444445,0.23042343434819512
2024,Hungary,STR,1.0,Aston Martin,SOFT,12,5.0,16.0,-0.10800000000000093,-0.17724999999999724,-0.008000000000002672,83.30650000000001,0.4793953499098105
2024,Hungary,STR,2.0,Aston Martin,MEDIUM,29,3.0,31.0,0.03259999999999946,0.006307692307691818,0.057799999999999345,82.2888,0.5630969786716674
2024,Hungary,STR,3.0,Aston Martin,HARD,23,3.0,26.0,0.11438888888888875,0.0940000000000012,0.13771428571428754,80.80055555555556,0.2746509287795184
2024,Hungary,TSU,1.0,RB,MEDIUM,26,3.0,28.0,0.09566666666666555,0.05300000000000201,0.11666666666666667,81.25916666666669,0.6866301968159285
2024,Hungary,TSU,2.0,RB,HARD,38,3.0,41.0,0.03750000000000142,0.02249999999999943,0.05177419354838723,82.20974999999997,0.40179198018551077
2024,Hungary,VER,1.0,Red Bull Racing,MEDIUM,17,3.0,20.0,0.0868541666666666,0.06566666666666521,0.10407692307692375,80.42975,0.14738286841927056
2024,Hungary,VER,2.0,Red Bull Racing,HARD,25,3.0,27.0,0.11541919191919181,0.08982352941176476,0.18640000000000043,80.26171212121211,0.7497291179068567
2024,Hungary,VER,3.0,Red Bull Racing,MEDIUM,17,4.0,21.0,0.10916666666666686,0.0703750000000003,0.14000000000000057,80.951,0.3677818730272762
2024,Hungary,ZHO,2.0,Kick Sauber,HARD,23,3.0,25.0,0.07684615384615348,0.042142857142857384,0.1073333333333295,82.15715384615386,0.3680848336900973
2024,Hungary,ZHO,3.0,Kick Sauber,HARD,26,3.0,32.0,0.07533333333333303,0.04466666666666678,0.10037499999999966,82.0565,0.6291190389172854
2024,Netherlands,ALB,1.0,Williams,MEDIUM,9,3.0,11.0,-0.0029126984126976586,-0.18688888888888044,0.13161111111110912,74.37005555555557,0.3214104862637041
2024,Netherlands,ALB,2.0,Williams,HARD,34,3.0,41.0,0.05352020202020278,0.04161111111111056,0.06523611111111194,73.59167676767674,0.41529848161630706
2024,Netherlands,ALB,3.0,Williams,MEDIUM,14,3.0,17.0,0.005611111111107903,-0.033004273504274165,0.06861111111110556,74.62744444444448,0.31350248434790795
2024,Netherlands,ALO,1.0,Aston Martin,MEDIUM,27,3.0,30.0,0.057611111111107505,0.03824747474747622,0.07427777777778033,73.64466666666672,0.3425089222536543
2024,Netherlands,ALO,2.0,Aston Martin,HARD,38,3.0,40.0,0.029964052287582758,0.012400584795321678,0.04877777777777778,74.04360620915031,0.5709147736994127
2024,Netherlands,BOT,1.0,Kick Sauber,SOFT,12,3.0,14.0,0.13006111111111096,0.045111111111108215,0.18061111111111217,73.41428611111112,0.42936903575320573
2024,Netherlands,BOT,2.0,Kick Sauber,HARD,24,3.0,26.0,0.08835964912280721,0.0735396825396819,0.10586111111111052,73.71042397660818,0.34995382633581584
2024,Netherlands,BOT,3.0,Kick Sauber,MEDIUM,21,3.0,27.0,0.05095985060690918,0.03972875816993551,0.06150584795321529,74.72908683473389,0.16459785894249546
2024,Netherlands,GAS,1.0,Alpine,MEDIUM,26,3.0,31.0,0.06043719806763254,0.05113285024154503,0.07036111111111154,73.4084806763285,0.18378693568548465
2024,Netherlands,GAS,2.0,Alpine,HARD,36,3.0,39.0,0.029799422799422555,0.016944444444444665,0.04181111111111022,73.88161796536798,0.3902128386845862
2024,Netherlands,HAM,1.0,Mercedes,SOFT,20,3.0,22.0,0.05748169934640496,0.0224292929292938,0.09844444444444396,73.27361764705883,0.42035992715447074
2024,Netherlands,HAM,2.0,Mercedes,HARD,22,3.0,24.0,0.007611111111110347,-0.016222222222220733,0.03603216374269,73.20600000000002,0.45222323577891976
2024,Netherlands,HAM,3.0,Mercedes,SOFT,20,3.0,23.0,0.061144444444443974,0.04368803418803351,0.09340058479532101,72.83236111111111,0.259603283393214
2024,Netherlands,HUL,1.0,Haas F1 Team,MEDIUM,11,3.0,13.0,0.14261111111110836,0.06961111111111033,0.20811111111111083,73.1153888888889,0.26683270209832105
2024,Netherlands,HUL,2.0,Haas F1 Team,HARD,53,3.0,57.0,0.040023232323232606,0.033833333333333035,0.046269647696476915,73.5194696969697,0.34001349824045757
2024,Netherlands,LEC,1.0,Ferrari,MEDIUM,21,3.0,23.0,0.0412861111111134,0.028111111111111125,0.05819934640522838,73.01478055555553,0.17270783377777818
2024,Netherlands,LEC,2.0,Ferrari,HARD,45,3.0,48.0,0.037670825906119934,0.03352020202020289,0.042877777777777876,73.02233630421865,0.22988042403221362
2024,Netherlands,MAG,1.0,Haas F1 Team,HARD,35,4.0,38.0,0.049611111111110516,0.033979532163743296,0.06573232323232331,73.69116666666669,0.3909076445333642
2024,Netherlands,MAG,2.0,Haas F1 Team,MEDIUM,25,3.0,31.0,0.08042063492063534,0.054520202020202385,0.10570202020201949,74.38526190476189,0.3931977463663098
2024,Netherlands,NOR,1.0,McLaren,MEDIUM,25,3.0,27.0,0.01875031565656572,0.009534188034188254,0.024486111111110986,73.02880082070706,0.14644229835771325
2024,Netherlands,NOR,2.0,McLaren,HARD,41,3.0,43.0,0.05622649572649589,0.05074747474747519,0.06202287581699462,72.40484615384615,0.20335452121930425
2024,Netherlands,OCO,1.0,Alpine,MEDIUM,26,3.0,29.0,0.06130341880341807,0.04561111111111028,0.07667777777777758,73.9464935897436,0.2534726657459952
2024,Netherlands,OCO,2.0,Alpine,HARD,31,3.0,41.0,0.043156565656566025,0.036202020202020305,0.05179861111111084,74.02303535353535,0.20760014727816398
2024,Netherlands,PER,1.0,Red Bull Racing,MEDIUM,26,3.0,28.0,0.046111111111110624,0.03305555555555549,0.05805555555555486,73.10583333333334,0.2119544299716666
2024,Netherlands,PER,2.0,Red Bull Racing,HARD,39,3.0,43.0,0.04782986111111098,0.040762626262626396,0.05492145593869729,73.16141319444445,0.2600649046357229
2024,Netherlands,PIA,1.0,McLaren,MEDIUM,30,3.0,32.0,0.03098611111111005,0.021277777777778322,0.043861111111112905,73.18293750000001,0.22864188768752633
2024,Netherlands,PIA,2.0,McLaren,HARD,37,3.0,39.0,0.06287045019157028,0.04883333333333281,0.07018253968254028,72.93233165708813,0.26379408695429907
2024,Netherlands,RIC,1.0,RB,MEDIUM,26,3.0,28.0,0.039961111111111336,0.026361111111111057,0.055986111111110404,74.01865833333332,0.2593470640562869
2024,Netherlands,RIC,2.0,RB,HARD,39,3.0,42.0,0.035035353535353884,0.025841880341879724,0.04654444444444437,73.94052020202018,0.2967581370841187
2024,Netherlands,RUS,1.0,Mercedes,MEDIUM,22,3.0,24.0,0.05694444444444239,0.04454444444444524,0.06961111111111133,72.74397222222225,0.17166447202956753
2024,Netherlands,RUS,2.0,Mercedes,HARD,25,3.0,28.0,0.031972222222222804,0.01786111111110955,0.050811111111110564,73.28855555555555,0.3185265286918059
2024,Netherlands,RUS,3.0,Mercedes,SOFT,16,5.0,21.0,0.07415656565656839,0.05061111111110961,0.10127777777777662,72.95791414141411,0.24099907403260318
2024,Netherlands,SAI,1.0,Ferrari,MEDIUM,26,3.0,29.0,0.035811111111110704,0.02561111111111103,0.04761111111111127,73.14917222222223,0.19210615142515647
2024,Netherlands,SAI,2.0,Ferrari,HARD,40,3.0,42.0,0.04823156565656529,0.03973611111111097,0.0560396825396826,72.78006755050505,0.2680287310214065
2024,Netherlands,SAR,1.0,Williams,MEDIUM,18,3.0,21.0,0.052144444444444576,0.026611111111113434,0.07611111111111057,74.10245,0.25344208894212666
2024,Netherlands,SAR,2.0,Williams,HARD,43,3.0,49.0,0.057520202020201854,0.04571111111111108,0.06601111111111209,73.83469696969698,0.4581020870527915
2024,Netherlands,STR,1.0,Aston Martin,MEDIUM,26,3.0,29.0,0.07302287581699364,0.0562361111111116,0.08737581699346422,73.53056699346405,0.26523685621759485
2024,Netherlands,STR,2.0,Aston Martin,HARD,36,3.0,41.0,0.04888611111111046,0.037253968253967935,0.05945486111111098,73.45759305555558,0.32375001474765497
2024,Netherlands,TSU,1.0,RB,SOFT,11,3.0,13.0,0.12061111111111131,0.07189682539682403,0.18511111111111234,73.09377777777777,0.22187666516660795
2024,Netherlands,TSU,2.0,RB,MEDIUM,15,3.0,17.0,0.13832539682539696,0.09694444444444628,0.17814957264957343,73.1480238095238,0.39121240294459975
2024,Netherlands,TSU,3.0,RB,HARD,35,3.0,39.0,0.06742361111111084,0.05042063492063521,0.08479292929292952,74.465625,0.6250292051894925
2024,Netherlands,VER,1.0,Red Bull Racing,MEDIUM,23,3.0,26.0,0.06067361111111147,0.05244444444444459,0.07111111111111118,72.57190277777777,0.15396354861500453
2024,Netherlands,VER,2.0,Red Bull Racing,HARD,41,3.0,43.0,0.05027604166666709,0.046311111111111816,0.0545711111111109,72.76692881944443,0.14848641100435306
2024,Netherlands,ZHO,1.0,Kick Sauber,MEDIUM,15,3.0,17.0,0.04161111111110927,0.01131111111110954,0.07336111111111165,74.6753888888889,0.204221238576486
2024,Netherlands,ZHO,2.0,Kick Sauber,HARD,29,3.0,32.0,0.09808419599723942,0.06561111111111491,0.1248838383838382,74.23090200138026,0.6415982813131604
2024,Netherlands,ZHO,3.0,Kick Sauber,SOFT,14,3.0,19.0,0.024468253968251474,-0.0052222222222203145,0.057111111111110446,75.38775000000003,0.2599063861435447
2024,Spain,ALB,1.0,Williams,MEDIUM,15,3.0,17.0,0.07345887445887504,3.030303030016057e-05,0.161130303030302,78.75253246753248,0.5013198104812444
2024,Spain,ALB,2.0,Williams,SOFT,20,4.0,23.0,0.10269696969696854,0.07569696969696811,0.1302803030303039,78.01593939393942,0.27506801444933476
2024,Spain,ALB,3.0,Williams,SOFT,15,4.0,22.0,0.0643160173160179,0.046530303030303345,0.08003030303030556,78.68827272727272,0.14034970761493754
2024,Spain,ALO,1.0,Aston Martin,SOFT,16,3.0,18.0,0.033952525252526455,-0.05946969696969617,0.12653030303030022,78.9346803030303,0.6693740119395772
2024,Spain,ALO,2.0,Aston Martin,MEDIUM,23,3.0,26.0,0.03978030303030522,0.011252525252525439,0.07303030303030265,78.73304545454543,0.39639939422643017
2024,Spain,ALO,3.0,Aston Martin,HARD,18,3.0,21.0,0.11389696969696862,0.07828030303030253,0.14653030303030334,77.48826060606062,0.3863438349566433
2024,Spain,BOT,2.0,Kick Sauber,SOFT,13,6.0,18.0,0.22773030303030328,0.14178030303029843,0.3040303030303093,76.3868121212121,0.36223347177880116
2024,Spain,BOT,3.0,Kick Sauber,HARD,32,3.0,37.0,0.06589637445887378,0.04754545454545463,0.08803030303030315,78.62920008116885,0.710039686529222
2024,Spain,GAS,1.0,Alpine,SOFT,12,5.0,16.0,0.13405887445887482,0.06023030303030339,0.18231601731601796,76.99862424242424,0.26785652861112763
2024,Spain,GAS,2.0,Alpine,MEDIUM,21,3.0,23.0,0.10529696969696947,0.08923030303030259,0.1265858585858584,77.53598787878788,0.391588825496806
2024,Spain,GAS,3.0,Alpine,HARD,25,3.0,27.0,0.057822510822511726,0.03838324420677248,0.075030303030303,77.7363593073593,0.2874988345524321
2024,Spain,HAM,1.0,Mercedes,SOFT,14,5.0,18.0,0.1457303030303038,0.10703030303030354,0.18403030303030002,76.50087424242423,0.2045790995361772
2024,Spain,HAM,2.0,Mercedes,MEDIUM,23,3.0,26.0,0.06634848484848471,0.04103030303030172,0.0942303030303023,77.19124242424243,0.34825509026479046
2024,Spain,HAM,3.0,Mercedes,SOFT,21,5.0,25.0,0.09800649350649322,0.07340530303030235,0.11453030303030214,76.55135714285714,0.28232177339014797
2024,Spain,HUL,1.0,Haas F1 Team,SOFT,9,3.0,11.0,0.09903030303030391,0.018530303030310336,0.1446303030303028,77.8769090909091,0.18280210915389156
2024,Spain,HUL,2.0,Haas F1 Team,MEDIUM,21,4.0,25.0,0.058061553030301735,0.04146780303030262,0.07819696969696821,78.15089488636366,0.22415818068789392
2024,Spain,HUL,3.0,Haas F1 Team,HARD,25,3.0,27.0,0.07880411255411227,0.04934280303030292,0.1048939393939392,77.56115043290045,0.430542115554624
2024,Spain,LEC,1.0,Ferrari,SOFT,21,3.0,23.0,0.07309974747474651,0.04948484848484792,0.09846780303030389,77.46106691919194,0.27865637931138443
2024,Spain,LEC,2.0,Ferrari,MEDIUM,19,4.0,22.0,0.07921780303030257,0.06219696969696997,0.09763030303030291,77.07228977272729,0.18891859452492443
2024,Spain,LEC,3.0,Ferrari,SOFT,18,5.0,22.0,0.11695887445887365,0.10303030303030271,0.14614141414141418,76.25875216450217,0.23221097158431261
2024,Spain,MAG,1.0,Haas F1 Team,SOFT,7,3.0,9.0,0.028030303030291748,-0.19796969696969313,0.16769696969696687,78.95106060606066,0.3080589770374088
2024,Spain,MAG,2.0,Haas F1 Team,MEDIUM,16,3.0,18.0,0.11853799533799492,0.0837303030303019,0.15545887445887477,78.03297226107226,0.37030247658061344
2024,Spain,MAG,3.0,Haas F1 Team,HARD,32,3.0,36.0,0.08325010979358834,0.06730808080808101,0.10196363636363609,78.46102448397014,0.44128888423277857
2024,Spain,NOR,1.0,McLaren,SOFT,20,3.0,22.0,0.05403030303030221,0.01624458874458818,0.10691919191919258,77.55300000000003,0.39221724310574746
2024,Spain,NOR,2.0,McLaren,MEDIUM,21,3.0,23.0,0.021355699855700464,-0.004969696969696788,0.050230303030302535,77.5254365079365,0.3581290119461574
2024,Spain,NOR,3.0,McLaren,SOFT,17,5.0,21.0,0.10858268398268392,0.07147474747474784,0.14279953379953378,76.0752432900433,0.2793756463235494
2024,Spain,OCO,1.0,Alpine,SOFT,10,5.0,15.0,0.10736363636363914,0.04183030303030364,0.15553030303030133,77.485303030303,0.2513613526969308
2024,Spain,OCO,2.0,Alpine,MEDIUM,20,3.0,23.0,0.11022673160173291,0.08323030303030331,0.13653030303030297,77.63177191558438,0.3731355493716539
2024,Spain,OCO,3.0,Alpine,HARD,26,3.0,28.0,0.05363030303030314,0.03545887445887327,0.07071451355661913,77.83679090909091,0.27488182467828176
2024,Spain,PER,1.0,Red Bull Racing,SOFT,11,5.0,15.0,0.02888744588744682,-0.03896969696970132,0.09988744588744478,78.36839826839827,0.24421357178838568
2024,Spain,PER,2.0,Red Bull Racing,SOFT,15,5.0,20.0,0.1208636363636361,0.07836363636363568,0.1566969696969688,76.91536363636364,0.24782001490670583
2024,Spain,PER,3.0,Red Bull Racing,MEDIUM,15,3.0,17.0,0.09110722610722742,0.05683030303030421,0.1295303030303027,77.03904895104894,0.2246522840883807
2024,Spain,PER,4.0,Red Bull Racing,SOFT,16,5.0,20.0,0.1342803030303023,0.10857575757575753,0.17803030303030454,76.87129924242424,0.2730836257754503
2024,Spain,PIA,1.0,McLaren,SOFT,19,5.0,23.0,0.09756363636363498,0.06253030303030371,0.13074458874458778,77.36853333333335,0.3114470264626063
2024,Spain,PIA,2.0,McLaren,MEDIUM,19,3.0,23.0,0.0474149184149188,0.03183030303030421,0.06324082934609303,77.43522144522144,0.20837241763557623
2024,Spain,PIA,3.0,McLaren,SOFT,16,6.0,21.0,0.07126363636363658,0.032630303030303766,0.09617316017315959,76.71851666666666,0.2367706084346612
2024,Spain,RIC,1.0,RB,SOFT,13,3.0,15.0,-0.01734469696970109,-0.11056969696969646,0.07336363636363785,79.41416287878792,0.4348321918350657
2024,Spain,RIC,2.0,RB,MEDIUM,22,3.0,25.0,0.05803030303029999,0.03603030303030437,0.07840530303030313,78.61830303030307,0.32269484868519965
2024,Spain,RIC,3.0,RB,HARD,20,3.0,23.0,-0.022350649350649798,-0.08796969696969843,0.038030303030311075,79.88141558441559,0.6745275792579688
2024,Spain,RUS,1.0,Mercedes,SOFT,12,6.0,17.0,0.10240530303030404,0.0638636363636375,0.12053030303030177,76.93055113636362,0.1466147888407513
2024,Spain,RUS,2.0,Mercedes,MEDIUM,17,3.0,19.0,0.08184280303030445,0.05403030303030221,0.10103030303030242,77.11157765151513,0.19893414719920335
2024,Spain,RUS,3.0,Mercedes,HARD,28,3.0,30.0,0.07603030303030305,0.047196969696969404,0.10557575757575742,76.91266666666667,0.49021720161771604
2024,Spain,SAI,1.0,Ferrari,SOFT,11,4.0,14.0,0.12445887445887495,0.09003030303029884,0.17728030303030273,77.02511255411255,0.19239346761828513
2024,Spain,SAI,2.0,Ferrari,MEDIUM,16,3.0,20.0,0.08483030303030148,0.05980808080808231,0.11103030303030278,77.05433939393942,0.2090109263491578
2024,Spain,SAI,3.0,Ferrari,HARD,26,3.0,30.0,0.06765530303030332,0.05336363636363236,0.08084848484848482,77.24435416666665,0.21485265663356298
2024,Spain,SAR,1.0,Williams,SOFT,11,3.0,13.0,0.04969696969696871,-0.11296969696969465,0.132530303030304,79.31366666666668,0.3986497336020789
2024,Spain,SAR,2.0,Williams,MEDIUM,17,3.0,19.0,0.16353030303030164,0.1291017316017309,0.1864918414918413,78.57392424242425,0.33043296018476837
2024,Spain,SAR,3.0,Williams,HARD,26,3.0,29.0,0.09476943346508594,0.07395337995338025,0.1137636363636356,79.22551317523057,0.7361631893567957
2024,Spain,STR,1.0,Aston Martin,SOFT,14,3.0,16.0,0.03393939393939537,-0.0009696969696960878,0.07113030303030285,78.66378787878787,0.19498405061115612
2024,Spain,STR,2.0,Aston Martin,MEDIUM,17,3.0,20.0,0.0676328671328664,0.039155303030302235,0.10129696969697004,78.42500815850816,0.22707205529696062
2024,Spain,STR,3.0,Aston Martin,HARD,26,3.0,28.0,0.030863636363633873,-0.009969696969690744,0.06963030303029996,78.67596212121217,0.6902556578581077
2024,Spain,TSU,1.0,RB,SOFT,6,3.0,8.0,0.4160303030303041,-0.32946969696969575,0.7115303030303082,77.44250000000001,0.5004278169726365
2024,Spain,TSU,2.0,RB,MEDIUM,13,3.0,17.0,0.05084696969696918,-9.469696969688357e-05,0.0946666666666661,78.87083181818183,0.2819907285091127
2024,Spain,TSU,3.0,RB,HARD,13,3.0,16.0,0.17715530303030352,0.09886363636363645,0.2616969696969657,77.46769318181818,0.689453998687432
2024,Spain,TSU,4.0,RB,SOFT,16,3.0,21.0,0.07790530303030312,0.025363636363637216,0.12986363636363762,78.36966856060606,0.3536669233095299
2024,Spain,VER,1.0,Red Bull Racing,SOFT,13,7.0,19.0,0.08154419191919181,0.062196969696967606,0.10803030303030425,76.90616792929293,0.13550343599484665
2024,Spain,VER,2.0,Red Bull Racing,MEDIUM,24,3.0,26.0,0.06185530303030333,0.04475757575757588,0.07719696969697054,77.13705265151515,0.22865392197075723
2024,Spain,VER,3.0,Red Bull Racing,SOFT,17,3.0,19.0,0.07288030303030321,0.04653030303030903,0.0925858585858587,76.60674090909092,0.17953709943499102
2024,Spain,ZHO,1.0,Kick Sauber,SOFT,6,3.0,8.0,0.09603030303029907,-0.13746969696969558,0.3495303030302992,78.84503030303031,0.22055513294110346
2024,Spain,ZHO,2.0,Kick Sauber,MEDIUM,25,4.0,30.0,0.04361577311577297,0.030244588744588036,0.05603030303030465,78.45050155400156,0.25152836621761304
2024,Spain,ZHO,3.0,Kick Sauber,HARD,21,3.0,24.0,0.0966295093795099,0.07786363636363684,0.13203030303030516,77.85636183261182,0.5006669288656632
2024,United States,ALB,2.0,Williams,MEDIUM,25,4.0,29.0,0.03340000000000067,0.013136363636363058,0.06509999999999963,98.9692,0.5391914470760794
2024,United States,ALB,3.0,Williams,HARD,16,3.0,21.0,0.042724358974359014,0.01799999999999713,0.0651250000000001,98.21408333333332,0.21570750148195597
2024,United States,ALO,1.0,Aston Martin,MEDIUM,16,7.0,25.0,0.054595959595960045,0.006000000000000227,0.0773333333333343,98.18191666666667,0.314689952453389
2024,United States,ALO,2.0,Aston Martin,HARD,27,3.0,30.0,0.023499999999998522,0.006999999999999081,0.0441363636363638,98.54900000000002,0.53606101621496
2024,United States,BOT,1.0,Kick Sauber,MEDIUM,7,7.0,14.0,0.14533333333333331,-0.012000000000000455,0.3013000000000005,97.53383333333332,0.32095455759706776
2024,United States,BOT,2.0,Kick Sauber,HARD,33,3.0,40.0,0.058241758241757896,0.05203333333333357,0.06916666666666771,98.53190659340659,0.3004924982487002
2024,United States,COL,1.0,Williams,HARD,32,6.0,38.0,-0.014000000000000234,-0.025916666666667254,-0.003350000000000364,99.25750000000001,0.43244239663947115
2024,United States,COL,2.0,Williams,MEDIUM,15,3.0,17.0,0.02209999999999752,-0.01699999999999946,0.07416666666666553,97.56100000000002,0.33727311244887886
2024,United States,GAS,1.0,Alpine,MEDIUM,11,6.0,17.0,0.0747499999999981,-0.016500000000000625,0.18716666666666507,97.51900000000002,0.43379722037962737
2024,United States,GAS,2.0,Alpine,HARD,35,3.0,38.0,-0.009227272727272862,-0.021863636363636762,0.000884615384615236,99.04054545454545,0.5288854522078019
2024,United States,HUL,1.0,Haas F1 Team,MEDIUM,20,6.0,26.0,-0.00994999999999943,-0.05809999999999889,0.02300000000000087,98.765925,0.4747230821891406
2024,United States,HUL,2.0,Haas F1 Team,HARD,25,3.0,29.0,0.020222826086956927,0.008642857142856794,0.032309523809523795,97.7659347826087,0.24566293702834363
2024,United States,LAW,1.0,RB,HARD,29,6.0,35.0,0.004288690476190441,-0.01249999999999929,0.01611904761904744,98.7809375,0.36631359738927904
2024,United States,LAW,2.0,RB,MEDIUM,17,3.0,20.0,0.002406249999999055,-0.024500000000000455,0.04183333333333413,98.02912500000002,0.34889281656738214
2024,United States,LEC,1.0,Ferrari,MEDIUM,19,6.0,25.0,0.08227777777777748,0.06383333333333338,0.10100000000000087,95.73055555555555,0.1813718378261117
2024,United States,LEC,2.0,Ferrari,HARD,27,3.0,30.0,0.03049999999999997,0.017799999999999726,0.0467499999999994,96.99499999999999,0.4016398579555764
2024,United States,MAG,1.0,Haas F1 Team,MEDIUM,10,6.0,16.0,0.08038888888888904,-0.06650000000000134,0.22749999999999204,97.67877777777778,0.5218957324557831
2024,United States,MAG,2.0,Haas F1 Team,HARD,18,3.0,20.0,-0.008200000000000785,-0.036681818181817635,0.029785714285714398,98.64680000000001,0.4071041237992812
2024,United States,MAG,3.0,Haas F1 Team,MEDIUM,15,4.0,18.0,0.006499999999997878,-0.019928571428571167,0.03516666666666642,98.16700000000003,0.1992377139666753
2024,United States,NOR,1.0,McLaren,MEDIUM,24,6.0,30.0,0.004500000000003723,-0.011749999999999261,0.02131250000000051,97.50074999999994,0.22543330258203398
2024,United States,NOR,2.0,McLaren,HARD,21,3.0,25.0,0.06973809523809513,0.04461764705882341,0.10234615384615389,96.45516666666667,0.3925558594053626
2024,United States,OCO,1.0,Alpine,MEDIUM,23,7.0,30.0,0.030349999999999967,0.008799999999999386,0.046576923076922475,98.84985,0.2865536313093966
2024,United States,OCO,2.0,Alpine,HARD,14,3.0,19.0,0.03216666666666631,0.009833333333332916,0.0644999999999996,98.65708333333333,0.3626477055819581
2024,United States,PER,1.0,Red Bull Racing,MEDIUM,18,6.0,24.0,-0.007499999999999396,-0.05375000000000085,0.054999999999999716,98.68325,0.42236080972880724
2024,United States,PER,2.0,Red Bull Racing,HARD,27,3.0,30.0,0.03449999999999953,0.007852941176470467,0.05849999999999985,97.63250000000001,0.48366694940704624
2024,United States,PIA,1.0,McLaren,MEDIUM,25,6.0,31.0,-0.006468253968253273,-0.03066666666666625,0.021928571428571582,97.8548968253968,0.4599737491980242
2024,United States,PIA,2.0,McLaren,HARD,18,3.0,23.0,0.05700000000000074,0.03885714285714264,0.07349999999999975,96.72124999999998,0.23314384637938707
2024,United States,RUS,1.0,Mercedes,HARD,32,7.0,39.0,-0.02630570291777172,-0.041785714285714856,-0.008722222222222816,98.82893401856762,0.3820393169912052
2024,United States,RUS,2.0,Mercedes,MEDIUM,11,3.0,16.0,0.07325000000000041,0.047100000000000364,0.09750000000000228,96.8925,0.12114448079575171
2024,United States,SAI,1.0,Ferrari,MEDIUM,13,6.0,20.0,0.05470000000000036,0.005833333333332765,0.09100000000000108,96.6627,0.21245083533819764
2024,United States,SAI,2.0,Ferrari,HARD,31,3.0,34.0,0.029350000000000164,0.016166666666668068,0.04400000000000048,96.8762,0.33706625598646217
2024,United States,STR,1.0,Aston Martin,HARD,18,8.0,26.0,0.03066666666666625,-0.009071428571429254,0.07316666666666787,98.86633333333333,0.3517176154896871
2024,United States,STR,2.0,Aston Martin,MEDIUM,23,3.0,28.0,0.02218750000000025,0.00894444444444452,0.04749999999999943,98.74849999999999,0.5346139402352637
2024,United States,TSU,1.0,RB,MEDIUM,9,7.0,16.0,0.09553333333333333,-0.01850000000000307,0.1905000000000001,97.5171,0.261130368675198
2024,United States,TSU,2.0,RB,HARD,34,3.0,37.0,0.0017592592592592382,-0.01349999999999909,0.015500000000000114,98.97794444444443,0.46340983136045943
2024,United States,VER,1.0,Red Bull Racing,MEDIUM,18,6.0,24.0,0.07725000000000026,0.0533181818181819,0.09412500000000001,96.279625,0.17308483849072143
2024,United States,VER,2.0,Red Bull Racing,HARD,27,3.0,31.0,0.0495000000000001,0.03389999999999986,0.07080434782608706,96.784,0.3286324985273333
2024,United States,ZHO,1.0,Kick Sauber,MEDIUM,6,6.0,12.0,-0.03249999999999886,-0.8299999999999983,0.4854999999999971,99.48849999999999,0.6426217394393051
2024,United States,ZHO,2.0,Kick Sauber,MEDIUM,19,3.0,21.0,0.04830000000000041,0.022900000000001343,0.07974999999999947,99.0279,0.3255390563250163
2024,United States,ZHO,3.0,Kick Sauber,HARD,16,3.0,20.0,0.019083333333332085,-0.022055555555555075,0.05809999999999889,99.04770833333335,0.2731011070996843
